--
-- PostgreSQL database dump
--

\restrict E0eAOx3uegbfEHeJAeSXbMQiaUi9GENYoQ6uaCn2lGGqpxnYkSbDWUWclmVcq7M

-- Dumped from database version 18.3 (Homebrew)
-- Dumped by pg_dump version 18.3 (Homebrew)

SET statement_timeout = 0;
SET lock_timeout = 0;
SET idle_in_transaction_session_timeout = 0;
SET transaction_timeout = 0;
SET client_encoding = 'UTF8';
SET standard_conforming_strings = on;
SELECT pg_catalog.set_config('search_path', '', false);
SET check_function_bodies = false;
SET xmloption = content;
SET client_min_messages = warning;
SET row_security = off;

--
-- Data for Name: exercises; Type: TABLE DATA; Schema: public; Owner: -
--

SET SESSION AUTHORIZATION DEFAULT;

ALTER TABLE public.exercises DISABLE TRIGGER ALL;

COPY public.exercises (id, name) FROM stdin;
1	シーテッドロー
2	ラットアイソレータ
3	カーフ＆トゥレイズ
4	レッグプレス
5	トータルヒップ
6	インクライントーソ
7	レッグエクステンション
8	シーテッドレッグカール
9	バックエクステンション
10	アブアイソレーター
11	チェストプレス
12	アームエクステンション
13	アームカール
14	バーベルスクワット
15	ブルガリアンスクワット
16	インクラインアームカール
17	インクラインダンベルプレス
18	ベンチプレス
19	ベンチダンベルサイドレイズ
20	ランニング
21	カーフ&トゥレイズ
\.


ALTER TABLE public.exercises ENABLE TRIGGER ALL;

--
-- Data for Name: workout_sessions; Type: TABLE DATA; Schema: public; Owner: -
--

ALTER TABLE public.workout_sessions DISABLE TRIGGER ALL;

COPY public.workout_sessions (id, session_date, day_of_week, start_time, end_time, rep_count, total_exp, created_at, finished_at, post_notes) FROM stdin;
1	2024-10-28	火	10:10:00	11:30:00	8	3918	2026-05-28 12:51:15.26012	\N	\N
2	2024-11-06	木	16:40:00	17:40:00	8	7132	2026-05-28 12:51:15.26012	\N	\N
3	2024-11-10	月	10:20:00	12:00:00	8	7665	2026-05-28 12:51:15.26012	\N	\N
4	2024-11-14	金	09:40:00	10:40:00	8	5792	2026-05-28 12:51:15.26012	\N	\N
5	2024-11-24	月	13:45:00	14:45:00	8	7361	2026-05-28 12:51:15.26012	\N	\N
6	2024-11-28	金	09:15:00	10:15:00	8	4087	2026-05-28 12:51:15.26012	\N	\N
7	2024-12-02	火	09:15:00	10:15:00	8	5263	2026-05-28 12:51:15.26012	\N	\N
8	2024-12-05	金	09:15:00	10:15:00	8	6727	2026-05-28 12:51:15.26012	\N	\N
9	2024-12-08	月	09:15:00	10:15:00	8	4781	2026-05-28 12:51:15.26012	\N	\N
10	2024-12-11	木	15:20:00	16:30:00	8	3437	2026-05-28 12:51:15.26012	\N	\N
11	2024-12-18	木	11:50:00	12:50:00	8	4831	2026-05-28 12:51:15.26012	\N	\N
12	2024-12-22	月	10:40:00	11:30:00	8	5983	2026-05-28 12:51:15.26012	\N	\N
13	2024-12-25	木	14:15:00	15:15:00	8	11379	2026-05-28 12:51:15.26012	\N	\N
14	2025-01-06	火	17:20:00	18:20:00	8	13313	2026-05-28 12:51:15.26012	\N	\N
15	2025-01-09	金	09:30:00	10:15:00	8	7372	2026-05-28 12:51:15.26012	\N	\N
16	2025-01-15	木	09:55:00	10:55:00	8	3820	2026-05-28 12:51:15.26012	\N	\N
17	2025-01-19	月	10:10:00	11:30:00	8	8362	2026-05-28 12:51:15.26012	\N	\N
18	2025-01-26	月	11:00:00	12:30:00	8	11904	2026-05-28 12:51:15.26012	\N	\N
19	2025-01-29	木	14:00:00	15:15:00	8	12735	2026-05-28 12:51:15.26012	\N	\N
20	2025-02-02	月	09:20:00	10:30:00	8	9071	2026-05-28 12:51:15.26012	\N	\N
21	2025-02-06	金	12:10:00	13:10:00	8	10537	2026-05-28 12:51:15.26012	\N	\N
22	2025-02-11	水	10:50:00	11:50:00	8	14423	2026-05-28 12:51:15.26012	\N	\N
23	2025-02-14	土	13:05:00	14:10:00	8	13862	2026-05-28 12:51:15.26012	\N	\N
24	2025-02-17	火	13:50:00	14:50:00	8	15193	2026-05-28 12:51:15.26012	\N	\N
25	2025-02-20	金	13:30:00	14:40:00	8	13460	2026-05-28 12:51:15.26012	\N	\N
26	2025-02-26	木	11:30:00	12:40:00	8	10056	2026-05-28 12:51:15.26012	\N	\N
27	2025-03-03	火	10:30:00	11:40:00	8	1226	2026-05-28 12:51:15.26012	\N	\N
28	2025-03-14	土	09:10:00	10:40:00	8	8571	2026-05-28 12:51:15.26012	\N	\N
29	2025-03-16	月	14:40:00	15:40:00	8	10214	2026-05-28 12:51:15.26012	\N	\N
30	2025-03-26	木	10:30:00	11:10:00	8	1392	2026-05-28 12:51:15.26012	\N	\N
31	2025-03-31	火	09:20:00	10:20:00	8	10427	2026-05-28 12:51:15.26012	\N	\N
32	2025-04-12	日	17:00:00	18:00:00	8	10751	2026-05-28 12:51:15.26012	\N	\N
33	2025-04-26	日	18:40:00	19:40:00	8	15411	2026-05-28 12:51:15.26012	\N	\N
34	2025-05-23	土	13:20:00	14:40:00	8	15914	2026-05-28 12:51:15.26012	\N	\N
38	2026-05-28	木	21:28:00	\N	\N	0	2026-05-28 21:28:51.816874	\N	\N
\.


ALTER TABLE public.workout_sessions ENABLE TRIGGER ALL;

--
-- Data for Name: session_exercises; Type: TABLE DATA; Schema: public; Owner: -
--

ALTER TABLE public.session_exercises DISABLE TRIGGER ALL;

COPY public.session_exercises (id, session_id, exercise_id, sort_order, one_rep_max, weight_pct80, weight_setting, weight_low_load, reps, ratio_pct, set1_completed, set2_completed, set3_completed, exp_earned, muscle_groups) FROM stdin;
1	1	1	1	42.5	34	35.5	\N	\N	84	t	t	f	568	\N
2	1	2	2	54.5	43.6	45.5	\N	\N	83	t	t	f	728	\N
3	1	3	3	\N	\N	\N	\N	\N	\N	\N	\N	\N	0	\N
4	1	4	4	\N	\N	\N	\N	\N	\N	\N	\N	\N	0	\N
5	1	5	5	\N	\N	\N	\N	\N	\N	\N	\N	\N	0	\N
6	1	6	6	\N	\N	\N	\N	\N	\N	\N	\N	\N	0	\N
7	1	7	7	44	35.2	36	\N	\N	82	t	t	f	576	\N
8	1	8	8	\N	\N	\N	\N	\N	\N	\N	\N	\N	0	\N
9	1	9	9	\N	\N	\N	\N	\N	\N	\N	\N	\N	0	\N
10	1	10	10	39	31.2	33	\N	\N	85	t	t	t	792	\N
11	1	11	11	57	45.6	45	\N	\N	79	t	t	f	720	\N
12	1	12	12	21.5	17.2	17	\N	\N	79	t	t	f	272	\N
13	1	13	13	20.5	16.4	16.4	\N	\N	80	t	t	f	262	\N
14	2	1	1	42.5	34	34.1	\N	\N	80	t	t	t	818	\N
15	2	2	2	54.5	43.6	43.7	\N	\N	80	t	t	t	1049	\N
16	2	3	3	\N	\N	\N	\N	\N	\N	f	f	f	0	\N
17	2	4	4	\N	\N	\N	\N	\N	\N	f	f	f	0	\N
18	2	5	5	\N	\N	\N	\N	\N	\N	f	f	f	0	\N
19	2	6	6	\N	\N	\N	\N	\N	\N	f	f	f	0	\N
20	2	7	7	60	48	48	\N	\N	80	f	f	f	0	\N
21	2	8	8	49.2	39.36	39.6	\N	\N	80	t	t	t	950	\N
22	2	9	9	\N	\N	\N	\N	\N	\N	f	f	f	0	\N
23	2	10	10	39	31.2	31.2	\N	\N	80	t	t	t	749	\N
24	2	11	11	57	45.6	45.8	\N	\N	80	t	t	t	1099	\N
25	2	12	12	21.5	17.2	17.3	\N	\N	80	t	t	t	415	\N
26	2	13	13	26.1	20.88	20.5	\N	\N	79	t	t	t	492	\N
27	2	14	\N	81	64.8	65	\N	\N	80	t	t	t	1560	\N
28	3	1	1	42.5	34	34.1	\N	\N	80	t	t	t	818	\N
29	3	2	2	54.5	43.6	43.7	\N	\N	80	t	t	t	1049	\N
30	3	3	3	\N	\N	\N	\N	\N	\N	f	f	f	0	\N
31	3	4	4	\N	\N	\N	\N	\N	\N	f	f	f	0	\N
32	3	5	5	\N	\N	\N	\N	\N	\N	f	f	f	0	\N
33	3	6	6	\N	\N	\N	\N	\N	\N	f	f	f	0	\N
34	3	7	7	60	48	48	\N	\N	80	t	t	t	1152	\N
35	3	8	8	49.2	39.36	40	\N	\N	81	t	t	t	960	\N
36	3	9	9	\N	\N	\N	\N	\N	\N	f	f	f	0	\N
37	3	10	10	39	31.2	31.2	\N	\N	80	f	f	f	0	\N
38	3	11	11	57	45.6	45.8	\N	\N	80	t	t	t	1099	\N
39	3	12	12	21.5	17.2	17.3	\N	\N	80	t	t	t	415	\N
40	3	13	13	26.1	20.88	20.5	\N	\N	79	t	t	t	492	\N
41	3	14	\N	85	68	70	\N	\N	82	t	t	t	1680	\N
42	4	1	1	46	36.8	36.9	\N	\N	80	t	t	t	886	\N
43	4	2	2	54.5	43.6	43.7	\N	\N	80	f	f	f	0	\N
44	4	3	3	\N	\N	\N	\N	\N	\N	f	f	f	0	\N
45	4	4	4	\N	\N	\N	\N	\N	\N	f	f	f	0	\N
46	4	5	5	\N	\N	\N	\N	\N	\N	f	f	f	0	\N
47	4	6	6	\N	\N	\N	\N	\N	\N	f	f	f	0	\N
48	4	7	7	60	48	48	\N	\N	80	t	f	f	384	\N
49	4	8	8	52.4	41.92	42	\N	\N	80	t	t	t	1008	\N
50	4	9	9	\N	\N	\N	\N	\N	\N	f	f	f	0	\N
51	4	10	10	39	31.2	31.2	\N	\N	80	t	t	t	749	\N
52	4	11	11	57	45.6	45.8	\N	\N	80	f	f	f	0	\N
53	4	12	12	24.5	19.6	19.7	\N	\N	80	t	t	t	473	\N
54	4	13	13	26.1	20.88	20.5	\N	\N	79	t	t	t	492	\N
55	4	14	\N	85	68	75	\N	\N	88	t	t	t	1800	\N
56	5	1	1	52	41.6	41.8	\N	\N	80	t	t	t	1003	\N
57	5	2	2	54.5	43.6	43.7	\N	\N	80	t	t	t	1049	\N
58	5	3	3	\N	\N	\N	\N	\N	\N	f	f	f	0	\N
59	5	4	4	\N	\N	\N	\N	\N	\N	f	f	f	0	\N
60	5	5	5	\N	\N	\N	\N	\N	\N	f	f	f	0	\N
61	5	6	6	\N	\N	\N	\N	\N	\N	f	f	f	0	\N
62	5	7	7	60	48	48	\N	\N	80	t	t	f	768	\N
63	5	8	8	52.4	41.92	42.8	\N	\N	82	t	t	t	1027	\N
64	5	9	9	\N	\N	\N	\N	\N	\N	f	f	f	0	\N
65	5	10	10	39	31.2	31.2	\N	\N	80	t	t	t	749	\N
66	5	11	11	57	45.6	45.8	\N	\N	80	f	f	f	0	\N
67	5	12	12	24.5	19.6	19.7	\N	\N	80	t	t	t	473	\N
68	5	13	13	26.1	20.88	20.5	\N	\N	79	t	t	t	492	\N
69	5	14	\N	85	68	75	\N	\N	88	t	t	t	1800	\N
70	6	1	1	53	42.4	42.5	\N	\N	80	t	t	t	1020	\N
71	6	2	2	54.5	43.6	43.7	\N	\N	80	f	f	f	0	\N
72	6	3	3	\N	\N	\N	\N	\N	\N	f	f	f	0	\N
73	6	4	4	\N	\N	\N	\N	\N	\N	f	f	f	0	\N
74	6	5	5	\N	\N	\N	\N	\N	\N	f	f	f	0	\N
75	6	6	6	\N	\N	\N	\N	\N	\N	f	f	f	0	\N
76	6	7	7	60	48	48	\N	\N	80	f	f	f	0	\N
77	6	8	8	54	43.2	43.6	\N	\N	81	t	t	t	1046	\N
78	6	9	9	\N	\N	\N	\N	\N	\N	f	f	f	0	\N
79	6	10	10	45	36	36	\N	\N	80	t	t	t	864	\N
80	6	11	11	61	48.8	49	\N	\N	80	f	f	f	0	\N
81	6	12	12	24.5	19.6	19.7	\N	\N	80	t	t	t	473	\N
82	6	13	13	26.1	20.88	20.5	\N	\N	79	t	t	t	492	\N
83	6	15	\N	20	16	8	\N	\N	40	t	t	t	192	\N
84	7	1	1	53	42.4	42.5	\N	\N	80	t	t	t	1020	\N
85	7	2	2	54.5	43.6	43.7	\N	\N	80	f	f	f	0	\N
86	7	3	3	\N	\N	\N	\N	\N	\N	f	f	f	0	\N
87	7	4	4	\N	\N	\N	\N	\N	\N	f	f	f	0	\N
88	7	5	5	\N	\N	\N	\N	\N	\N	f	f	f	0	\N
89	7	6	6	\N	\N	\N	\N	\N	\N	f	f	f	0	\N
90	7	7	7	60	48	48	\N	\N	80	f	f	f	0	\N
91	7	8	8	54	43.2	43.6	\N	\N	81	t	t	t	1046	\N
92	7	9	9	\N	\N	\N	\N	\N	\N	f	f	f	0	\N
93	7	10	10	45	36	36	\N	\N	80	t	t	t	864	\N
94	7	11	11	61	48.8	49	\N	\N	80	t	t	t	1176	\N
95	7	12	12	24.5	19.6	19.7	\N	\N	80	t	t	t	473	\N
96	7	13	13	26.1	20.88	20.5	\N	\N	79	t	t	t	492	\N
97	7	15	\N	20	16	8	\N	\N	40	t	t	t	192	\N
98	8	1	1	53	42.4	42.5	\N	\N	80	t	t	t	1020	\N
99	8	2	2	54.5	43.6	43.7	\N	\N	80	f	f	f	0	\N
100	8	3	3	\N	\N	\N	\N	\N	\N	f	f	f	0	\N
101	8	4	4	\N	\N	\N	\N	\N	\N	f	f	f	0	\N
102	8	5	5	\N	\N	\N	\N	\N	\N	f	f	f	0	\N
103	8	6	6	\N	\N	\N	\N	\N	\N	f	f	f	0	\N
104	8	7	7	60	48	48	\N	\N	80	f	f	f	0	\N
105	8	8	8	54	43.2	43.6	\N	\N	81	t	t	t	1046	\N
106	8	9	9	\N	\N	\N	\N	\N	\N	f	f	f	0	\N
107	8	10	10	45	36	36	\N	\N	80	t	t	t	864	\N
108	8	11	11	61	48.8	49	\N	\N	80	t	t	t	1176	\N
109	8	12	12	24.5	19.6	19.7	\N	\N	80	t	t	t	473	\N
110	8	13	13	26.1	20.88	20.5	\N	\N	79	t	t	t	492	\N
111	8	14	\N	75	60	60	\N	\N	80	t	t	t	1440	\N
112	8	16	\N	22.5	18	9	\N	\N	40	t	t	t	216	\N
113	9	1	1	53	42.4	42.5	\N	\N	80	f	f	f	0	\N
114	9	2	2	54.5	43.6	43.7	\N	\N	80	f	f	f	0	\N
115	9	3	3	\N	\N	\N	\N	\N	\N	f	f	f	0	\N
116	9	4	4	\N	\N	\N	\N	\N	\N	f	f	f	0	\N
117	9	5	5	\N	\N	\N	\N	\N	\N	f	f	f	0	\N
118	9	6	6	\N	\N	\N	\N	\N	\N	f	f	f	0	\N
119	9	7	7	60	48	48	\N	\N	80	f	f	f	0	\N
120	9	8	8	54	43.2	43.6	\N	\N	81	f	f	f	0	\N
121	9	9	9	\N	\N	\N	\N	\N	\N	f	f	f	0	\N
122	9	10	10	45	36	36	\N	\N	80	t	t	t	864	\N
123	9	11	11	61	48.8	49	\N	\N	80	t	t	t	1176	\N
124	9	12	12	24.5	19.6	19.7	\N	\N	80	t	t	t	473	\N
125	9	13	13	26.1	20.88	20.5	\N	\N	79	t	t	t	492	\N
126	9	14	\N	75	60	65	\N	\N	87	t	t	t	1560	\N
127	9	16	\N	22.5	18	9	\N	\N	40	t	t	t	216	\N
128	10	1	1	53	42.4	42.5	\N	\N	80	f	f	f	0	\N
129	10	2	2	54.5	43.6	43.7	\N	\N	80	f	f	f	0	\N
130	10	3	3	\N	\N	\N	\N	\N	\N	f	f	f	0	\N
131	10	4	4	\N	\N	\N	\N	\N	\N	f	f	f	0	\N
132	10	5	5	\N	\N	\N	\N	\N	\N	f	f	f	0	\N
133	10	6	6	\N	\N	\N	\N	\N	\N	f	f	f	0	\N
134	10	7	7	60	48	48	\N	\N	80	f	f	f	0	\N
135	10	8	8	57.5	46	46	\N	\N	80	t	t	t	1104	\N
136	10	9	9	\N	\N	\N	\N	\N	\N	f	f	f	0	\N
137	10	10	10	49	39.2	39	\N	\N	80	t	t	t	936	\N
138	10	11	11	61	48.8	49	\N	\N	80	f	f	f	0	\N
139	10	12	12	24.5	19.6	19.7	\N	\N	80	t	t	t	473	\N
140	10	13	13	26.1	20.88	20.5	\N	\N	79	t	t	t	492	\N
141	10	14	\N	75	60	65	\N	\N	87	f	f	f	0	\N
142	10	15	\N	24	19.2	9	\N	\N	38	t	t	t	216	\N
143	10	16	\N	22.5	18	9	\N	\N	40	t	t	t	216	\N
144	11	1	1	53	42.4	42.5	\N	\N	80	t	t	t	1020	\N
145	11	8	8	57.5	46	46	\N	\N	80	f	f	f	0	\N
146	11	10	10	49	39.2	39	\N	\N	80	t	t	t	936	\N
147	11	11	11	61	48.8	49	\N	\N	80	t	t	t	1176	\N
148	11	12	12	25.4	20.32	20.3	\N	\N	80	t	t	t	487	\N
149	11	13	13	26.1	20.88	20.5	\N	\N	79	t	t	t	492	\N
150	11	14	\N	75	60	65	\N	\N	87	f	f	f	0	\N
151	11	15	\N	24	19.2	9	\N	\N	38	t	t	t	216	\N
152	11	17	\N	22.5	18	12	\N	\N	53	t	t	t	288	\N
153	11	16	\N	22.5	18	9	\N	\N	40	t	t	t	216	\N
154	11	2	2	54.5	43.6	43.7	\N	\N	80	f	f	f	0	\N
155	11	3	3	\N	\N	\N	\N	\N	\N	f	f	f	0	\N
156	11	4	4	\N	\N	\N	\N	\N	\N	f	f	f	0	\N
157	11	5	5	\N	\N	\N	\N	\N	\N	f	f	f	0	\N
158	11	6	6	\N	\N	\N	\N	\N	\N	f	f	f	0	\N
159	11	7	7	60	48	48	\N	\N	80	f	f	f	0	\N
160	11	9	9	\N	\N	\N	\N	\N	\N	f	f	f	0	\N
161	12	1	1	53	42.4	42.5	\N	\N	80	t	t	t	1020	\N
162	12	7	7	60	48	48	\N	\N	80	t	t	t	1152	\N
163	12	8	8	57.5	46	46	\N	\N	80	f	f	f	0	\N
164	12	10	10	49	39.2	39	\N	\N	80	t	t	t	936	\N
165	12	11	11	61	48.8	49	\N	\N	80	t	t	t	1176	\N
166	12	12	12	25.4	20.32	20.3	\N	\N	80	t	t	t	487	\N
167	12	13	13	26.1	20.88	20.5	\N	\N	79	t	t	t	492	\N
168	12	15	\N	11.3	9.04	9	\N	\N	80	t	t	t	216	\N
169	12	17	\N	15	12	12	\N	\N	80	t	t	t	288	\N
170	12	16	\N	11.3	9.04	9	\N	\N	80	t	t	t	216	\N
171	12	14	\N	75	60	65	\N	\N	87	f	f	f	0	\N
172	12	2	2	54.5	43.6	43.7	\N	\N	80	f	f	f	0	\N
173	12	3	3	\N	\N	\N	\N	\N	\N	f	f	f	0	\N
174	12	4	4	\N	\N	\N	\N	\N	\N	f	f	f	0	\N
175	12	5	5	\N	\N	\N	\N	\N	\N	f	f	f	0	\N
176	12	6	6	\N	\N	\N	\N	\N	\N	f	f	f	0	\N
177	12	9	9	\N	\N	\N	\N	\N	\N	f	f	f	0	\N
178	13	1	1	53	42.4	\N	\N	\N	34	t	t	t	2160	\N
179	13	7	7	60	48	\N	\N	\N	33	t	t	t	2400	\N
180	13	10	10	49	39.2	\N	\N	\N	30	t	t	t	1764	\N
181	13	11	11	61	48.8	\N	\N	\N	30	t	t	t	2196	\N
182	13	12	12	25.4	20.32	\N	\N	\N	30	t	t	t	914	\N
183	13	13	13	26.1	20.88	\N	\N	\N	30	t	t	t	940	\N
184	13	15	\N	11.3	9.04	\N	\N	\N	9	t	t	t	45	\N
185	13	17	\N	15	12	\N	\N	\N	33	t	t	t	600	\N
186	13	16	\N	11.3	9.04	\N	\N	\N	27	t	t	t	360	\N
187	13	14	\N	75	60	65	\N	\N	87	f	f	f	0	\N
188	13	2	2	54.5	43.6	43.7	\N	\N	80	f	f	f	0	\N
189	13	3	3	\N	\N	\N	\N	\N	\N	f	f	f	0	\N
190	13	4	4	\N	\N	\N	\N	\N	\N	f	f	f	0	\N
191	13	5	5	\N	\N	\N	\N	\N	\N	f	f	f	0	\N
192	13	6	6	\N	\N	\N	\N	\N	\N	f	f	f	0	\N
193	13	9	9	\N	\N	\N	\N	\N	\N	f	f	f	0	\N
194	13	8	8	57.5	46	46	\N	\N	80	f	f	f	0	\N
195	14	1	1	53	42.4	\N	\N	\N	34	t	t	t	2160	\N
196	14	7	7	60	48	\N	\N	\N	33	t	t	t	2400	\N
197	14	8	8	57.5	46	\N	\N	\N	38	t	t	t	2640	\N
198	14	10	10	49	39.2	\N	\N	\N	30	t	t	f	1176	\N
199	14	11	11	61	48.8	\N	\N	\N	30	t	t	f	1488	\N
200	14	12	12	25.4	20.32	\N	\N	\N	30	t	t	t	914	\N
201	14	13	13	26.1	20.88	\N	\N	\N	38	t	t	t	1200	\N
202	14	15	\N	11.3	9.04	\N	\N	\N	80	t	f	f	135	\N
203	14	17	\N	15	12	\N	\N	\N	33	t	t	t	600	\N
204	14	16	\N	11.3	9.04	\N	\N	\N	44	t	t	t	600	\N
205	15	1	1	53	42.4	43.2	\N	\N	82	t	t	t	1037	\N
206	15	7	7	60	48	49.6	\N	\N	83	t	t	t	1190	\N
207	15	8	8	57.5	46	50	\N	\N	87	t	t	t	1200	\N
208	15	10	10	49	39.2	39	\N	\N	80	t	t	t	936	\N
209	15	11	11	61	48.8	50.6	\N	\N	83	t	t	t	1214	\N
210	15	12	12	25.4	20.32	20.3	\N	\N	80	t	t	t	487	\N
211	15	13	13	26.1	20.88	20.5	\N	\N	79	t	t	t	492	\N
212	15	15	\N	11.3	9.04	10	\N	\N	88	t	t	t	240	\N
213	15	17	\N	15	12	14	\N	\N	93	t	t	t	336	\N
214	15	16	\N	11.3	9.04	10	\N	\N	88	t	t	t	240	\N
215	15	14	\N	75	60	65	\N	\N	87	f	f	f	0	\N
216	15	2	2	54.5	43.6	43.7	\N	\N	80	f	f	f	0	\N
217	15	3	3	\N	\N	\N	\N	\N	\N	f	f	f	0	\N
218	15	4	4	\N	\N	\N	\N	\N	\N	f	f	f	0	\N
219	15	5	5	\N	\N	\N	\N	\N	\N	f	f	f	0	\N
220	15	6	6	\N	\N	\N	\N	\N	\N	f	f	f	0	\N
221	15	9	9	\N	\N	\N	\N	\N	\N	f	f	f	0	\N
222	16	1	1	53	42.4	43.2	\N	\N	82	t	t	t	1037	\N
223	16	7	7	60	48	49.6	\N	\N	83	f	f	f	0	\N
224	16	8	8	57.5	46	50	\N	\N	87	t	t	t	1200	\N
225	16	10	10	49	39.2	39	\N	\N	80	f	f	f	0	\N
226	16	11	11	61	48.8	50.6	\N	\N	83	f	f	f	0	\N
227	16	12	12	25.4	20.32	20.3	\N	\N	80	t	t	t	487	\N
228	16	13	13	26.1	20.88	20.5	\N	\N	79	t	t	f	328	\N
229	16	15	\N	11.3	9.04	9	\N	\N	80	t	t	t	216	\N
230	16	17	\N	15	12	14	\N	\N	93	t	t	t	336	\N
231	16	16	\N	11.3	9.04	9	\N	\N	80	t	t	t	216	\N
232	16	14	\N	75	60	65	\N	\N	87	f	f	f	0	\N
233	16	2	2	54.5	43.6	43.7	\N	\N	80	f	f	f	0	\N
234	16	3	3	\N	\N	\N	\N	\N	\N	f	f	f	0	\N
235	16	4	4	\N	\N	\N	\N	\N	\N	f	f	f	0	\N
236	16	5	5	\N	\N	\N	\N	\N	\N	f	f	f	0	\N
237	16	6	6	\N	\N	\N	\N	\N	\N	f	f	f	0	\N
238	16	9	9	\N	\N	\N	\N	\N	\N	f	f	f	0	\N
239	17	1	1	60	48	48.1	\N	\N	80	t	t	t	1154	\N
240	17	7	7	60	48	49.6	\N	\N	83	t	t	t	1190	\N
241	17	8	8	60	48	50	\N	\N	83	t	t	t	1200	\N
242	17	10	10	49	39.2	39	\N	\N	80	t	t	t	936	\N
243	17	11	11	65	52	53	\N	\N	82	t	t	t	1272	\N
244	17	12	12	27.5	22	22.1	\N	\N	80	t	t	t	530	\N
245	17	13	13	26.1	20.88	20.5	\N	\N	79	t	t	f	328	\N
246	17	15	\N	12.5	10	10	\N	\N	80	t	t	t	240	\N
247	17	17	\N	15	12	14	\N	\N	93	t	t	t	336	\N
248	17	16	\N	11.3	9.04	9	\N	\N	80	t	t	t	216	\N
249	17	18	\N	50	40	40	\N	\N	80	t	t	t	960	\N
250	17	14	\N	75	60	65	\N	\N	87	f	f	f	0	\N
251	17	2	2	54.5	43.6	43.7	\N	\N	80	f	f	f	0	\N
252	17	3	3	\N	\N	\N	\N	\N	\N	f	f	f	0	\N
253	17	4	4	\N	\N	\N	\N	\N	\N	f	f	f	0	\N
254	17	5	5	\N	\N	\N	\N	\N	\N	f	f	f	0	\N
255	17	6	6	\N	\N	\N	\N	\N	\N	f	f	f	0	\N
256	17	9	9	\N	\N	\N	\N	\N	\N	f	f	f	0	\N
257	18	1	1	60	48	\N	\N	\N	34	t	t	t	2412	\N
258	18	7	7	60	48	\N	\N	\N	51	t	t	t	3648	\N
259	18	8	8	60	48	\N	\N	\N	37	t	t	t	2640	\N
260	18	10	10	49	39.2	39	\N	\N	80	t	t	t	1764	\N
261	18	11	11	65	52	53	\N	\N	82	f	f	f	0	\N
262	18	12	12	27.5	22	22.1	\N	\N	80	f	f	f	0	\N
263	18	13	13	26.1	20.88	20.5	\N	\N	79	f	f	f	0	\N
264	18	15	\N	12.5	10	10	\N	\N	80	f	f	f	0	\N
265	18	17	\N	15	12	\N	\N	\N	33	t	t	t	600	\N
266	18	16	\N	11.3	9.04	\N	\N	\N	44	t	t	t	600	\N
267	18	19	\N	4	3.2	\N	\N	\N	50	t	t	t	240	\N
268	18	18	\N	50	40	40	\N	\N	80	f	f	f	0	\N
269	18	14	\N	75	60	65	\N	\N	87	f	f	f	0	\N
270	18	2	2	54.5	43.6	43.7	\N	\N	80	f	f	f	0	\N
271	18	3	3	\N	\N	\N	\N	\N	\N	f	f	f	0	\N
272	18	4	4	\N	\N	\N	\N	\N	\N	f	f	f	0	\N
273	18	5	5	\N	\N	\N	\N	\N	\N	f	f	f	0	\N
274	18	6	6	\N	\N	\N	\N	\N	\N	f	f	f	0	\N
275	18	9	9	\N	\N	\N	\N	\N	\N	f	f	f	0	\N
276	19	1	1	60	48	\N	\N	\N	34	f	f	f	0	\N
277	19	7	7	60	48	\N	\N	\N	51	t	t	t	3648	\N
278	19	8	8	60	48	\N	\N	\N	43	t	t	t	3120	\N
279	19	10	10	49	39.2	39	\N	\N	80	t	f	f	588	\N
280	19	11	11	65	52	53	\N	\N	82	t	t	t	2232	\N
281	19	12	12	27.5	22	22.1	\N	\N	80	t	t	t	990	\N
282	19	13	13	26.1	20.88	20.5	\N	\N	79	f	f	f	0	\N
283	19	15	\N	12.5	10	10	\N	\N	80	f	f	f	0	\N
284	19	17	\N	17.5	14	14	\N	\N	80	t	t	t	877	\N
285	19	16	\N	11.3	9.04	\N	\N	\N	53	t	t	t	720	\N
286	19	19	\N	4	3.2	\N	\N	\N	50	t	t	f	160	\N
287	19	18	\N	62.5	50	50	\N	\N	80	t	f	f	400	\N
288	19	14	\N	75	60	65	\N	\N	87	f	f	f	0	\N
289	19	2	2	54.5	43.6	43.7	\N	\N	80	f	f	f	0	\N
290	19	3	3	\N	\N	\N	\N	\N	\N	f	f	f	0	\N
291	19	4	4	\N	\N	\N	\N	\N	\N	f	f	f	0	\N
292	19	5	5	\N	\N	\N	\N	\N	\N	f	f	f	0	\N
293	19	6	6	\N	\N	\N	\N	\N	\N	f	f	f	0	\N
294	19	9	9	\N	\N	\N	\N	\N	\N	f	f	f	0	\N
295	20	1	1	60	48	\N	\N	\N	36	t	t	t	2580	\N
296	20	7	7	60	48	\N	\N	\N	51	f	f	f	0	\N
297	20	8	8	60	48	\N	\N	\N	43	t	t	t	3120	\N
298	20	10	10	49	39.2	39	\N	\N	80	f	f	f	0	\N
299	20	11	11	65	52	53	\N	\N	82	f	f	f	0	\N
300	20	12	12	27.5	22	22.1	\N	\N	80	t	t	t	990	\N
301	20	13	13	26.1	20.88	20.5	\N	\N	79	f	f	f	0	\N
302	20	20	\N	60	48	20	\N	\N	33	t	f	f	440	\N
303	20	15	\N	12.5	10	12	\N	\N	96	t	f	f	264	\N
304	20	17	\N	17.5	14	14	\N	\N	80	t	t	t	877	\N
305	20	16	\N	11.3	9.04	\N	\N	\N	53	t	t	t	720	\N
306	20	19	\N	4	3.2	\N	\N	\N	50	t	f	f	80	\N
307	20	18	\N	62.5	50	50	\N	\N	80	f	f	f	0	\N
308	20	14	\N	75	60	65	\N	\N	87	f	f	f	0	\N
309	20	2	2	54.5	43.6	43.7	\N	\N	80	f	f	f	0	\N
310	20	3	3	\N	\N	\N	\N	\N	\N	f	f	f	0	\N
311	20	4	4	\N	\N	\N	\N	\N	\N	f	f	f	0	\N
312	20	5	5	\N	\N	\N	\N	\N	\N	f	f	f	0	\N
313	20	6	6	\N	\N	\N	\N	\N	\N	f	f	f	0	\N
314	20	9	9	\N	\N	\N	\N	\N	\N	f	f	f	0	\N
315	21	1	1	60	48	\N	\N	\N	36	f	f	f	0	\N
316	21	7	7	60	48	\N	\N	\N	51	t	t	t	3648	\N
317	21	8	8	60	48	\N	\N	\N	50	t	t	t	3600	\N
318	21	10	10	49	39.2	39	\N	\N	80	f	f	f	0	\N
319	21	11	11	65	52	53	\N	\N	82	f	f	f	0	\N
320	21	12	12	27.5	22	\N	\N	\N	30	t	t	t	990	\N
321	21	13	13	26.1	20.88	20.5	\N	\N	79	f	f	f	0	\N
322	21	20	\N	60	48	20	\N	\N	33	f	f	f	0	\N
323	21	15	\N	12.5	10	12	\N	\N	96	t	t	t	792	\N
324	21	17	\N	17.5	14	14	\N	\N	80	t	t	t	877	\N
325	21	16	\N	11.3	9.04	10	\N	\N	88	t	t	t	300	\N
326	21	19	\N	4	3.2	\N	\N	\N	50	f	f	f	0	\N
327	21	18	\N	62.5	50	55	\N	\N	88	t	t	f	330	\N
328	21	14	\N	75	60	65	\N	\N	87	f	f	f	0	\N
329	21	2	2	54.5	43.6	43.7	\N	\N	80	f	f	f	0	\N
330	21	3	3	\N	\N	\N	\N	\N	\N	f	f	f	0	\N
331	21	4	4	\N	\N	\N	\N	\N	\N	f	f	f	0	\N
332	21	5	5	\N	\N	\N	\N	\N	\N	f	f	f	0	\N
333	21	6	6	\N	\N	\N	\N	\N	\N	f	f	f	0	\N
334	21	9	9	\N	\N	\N	\N	\N	\N	f	f	f	0	\N
335	22	1	1	61	48.8	\N	\N	\N	41	t	t	t	3000	\N
336	22	7	7	60	48	\N	\N	\N	51	t	t	t	3648	\N
337	22	8	8	60	48	\N	\N	\N	50	t	t	t	3600	\N
338	22	10	10	49	39.2	39	\N	\N	80	f	f	f	0	\N
339	22	11	11	65	52	53	\N	\N	82	f	f	f	0	\N
340	22	12	12	27.5	22	\N	\N	\N	33	t	t	t	1104	\N
341	22	13	13	26.1	20.88	21.2	\N	\N	81	t	f	f	1102	\N
342	22	15	\N	12.5	10	12	\N	\N	96	t	t	t	792	\N
343	22	17	\N	17.5	14	14	\N	\N	80	t	t	t	877	\N
344	22	16	\N	11.3	9.04	10	\N	\N	88	t	t	t	300	\N
345	22	19	\N	4	3.2	\N	\N	\N	50	f	f	f	0	\N
346	22	20	\N	60	48	20	\N	\N	33	f	f	f	0	\N
347	22	18	\N	62.5	50	55	\N	\N	88	f	f	f	0	\N
348	22	14	\N	75	60	65	\N	\N	87	f	f	f	0	\N
349	22	2	2	54.5	43.6	43.7	\N	\N	80	f	f	f	0	\N
350	22	3	3	\N	\N	\N	\N	\N	\N	f	f	f	0	\N
351	22	4	4	\N	\N	\N	\N	\N	\N	f	f	f	0	\N
352	22	5	5	\N	\N	\N	\N	\N	\N	f	f	f	0	\N
353	22	6	6	\N	\N	\N	\N	\N	\N	f	f	f	0	\N
354	22	9	9	\N	\N	\N	\N	\N	\N	f	f	f	0	\N
355	23	1	1	61	48.8	\N	\N	\N	41	f	f	f	0	\N
356	23	7	7	60	48	\N	\N	\N	57	t	t	t	4128	\N
357	23	8	8	60	48	\N	\N	\N	50	t	t	t	3600	\N
358	23	10	10	49	39.2	39	\N	\N	80	f	f	f	0	\N
359	23	11	11	65	52	53	\N	\N	82	f	f	f	0	\N
360	23	12	12	27.5	22	\N	\N	\N	40	t	t	t	1320	\N
361	23	13	13	26.1	20.88	21.2	\N	\N	81	t	t	t	3307	\N
362	23	15	\N	12.5	10	12	\N	\N	96	f	f	f	0	\N
363	23	17	\N	17.5	14	14	\N	\N	80	t	t	t	877	\N
364	23	16	\N	11.3	9.04	10	\N	\N	88	t	t	t	300	\N
365	23	19	\N	4	3.2	\N	\N	\N	50	f	f	f	0	\N
366	23	20	\N	60	48	20	\N	\N	33	f	f	f	0	\N
367	23	18	\N	62.5	50	55	\N	\N	88	t	t	f	330	\N
368	23	14	\N	75	60	65	\N	\N	87	f	f	f	0	\N
369	23	2	2	54.5	43.6	43.7	\N	\N	80	f	f	f	0	\N
370	23	3	3	\N	\N	\N	\N	\N	\N	f	f	f	0	\N
371	23	4	4	\N	\N	\N	\N	\N	\N	f	f	f	0	\N
372	23	5	5	\N	\N	\N	\N	\N	\N	f	f	f	0	\N
373	23	6	6	\N	\N	\N	\N	\N	\N	f	f	f	0	\N
374	23	9	9	\N	\N	\N	\N	\N	\N	f	f	f	0	\N
375	24	1	1	61	48.8	\N	25	\N	41	f	f	f	0	\N
376	24	7	7	60	48	\N	47.2	\N	79	t	t	t	5664	\N
377	24	8	8	60	48	\N	30	\N	50	t	t	t	3600	\N
378	24	10	10	49	39.2	39	14.7	\N	80	f	f	f	0	\N
379	24	11	11	65	52	53	18.6	\N	82	f	f	f	0	\N
380	24	12	12	27.5	22	\N	11	\N	40	t	t	t	1320	\N
381	24	13	13	26.1	20.88	21.2	\N	\N	81	t	t	t	3307	\N
382	24	15	\N	12.5	10	12	\N	\N	96	f	f	f	0	\N
383	24	17	\N	17.5	14	16	\N	\N	91	t	t	t	1002	\N
384	24	16	\N	11.3	9.04	10	\N	\N	88	t	t	t	300	\N
385	24	19	\N	4	3.2	\N	2	\N	50	f	f	f	0	\N
386	24	20	\N	60	48	20	\N	\N	33	f	f	f	0	\N
387	24	18	\N	62.5	50	55	\N	\N	88	f	f	f	0	\N
388	24	14	\N	75	60	65	\N	\N	87	f	f	f	0	\N
389	24	2	2	54.5	43.6	43.7	\N	\N	80	f	f	f	0	\N
390	24	3	3	\N	\N	\N	\N	\N	\N	f	f	f	0	\N
391	24	4	4	\N	\N	\N	\N	\N	\N	f	f	f	0	\N
392	24	5	5	\N	\N	\N	\N	\N	\N	f	f	f	0	\N
393	24	6	6	\N	\N	\N	\N	\N	\N	f	f	f	0	\N
394	24	9	9	\N	\N	\N	\N	\N	\N	f	f	f	0	\N
395	25	1	1	62.8	50.24	50.2	\N	\N	80	t	t	t	1205	\N
396	25	7	7	70	56	\N	47.2	\N	67	t	t	t	5664	\N
397	25	8	8	60	48	\N	30	\N	50	t	t	t	3600	\N
398	25	10	10	49	39.2	39	14.7	\N	80	f	f	f	0	\N
399	25	11	11	65	52	53	18.6	\N	82	f	f	f	0	\N
400	25	12	12	28.4	22.72	\N	12.5	\N	44	t	t	t	1500	\N
401	25	13	13	26.1	20.88	21.2	\N	\N	81	t	t	f	339	\N
402	25	15	\N	15	12	12	\N	\N	80	t	t	t	288	\N
403	25	17	\N	20	16	16	\N	\N	80	t	t	t	384	\N
404	25	16	\N	11.3	9.04	10	\N	\N	88	t	t	t	240	\N
405	25	19	\N	4	3.2	\N	2	\N	50	t	t	t	240	\N
406	25	20	\N	60	48	20	\N	\N	33	f	f	f	0	\N
407	25	18	\N	62.5	50	55	\N	\N	88	f	f	f	0	\N
408	25	14	\N	75	60	65	\N	\N	87	f	f	f	0	\N
409	25	2	2	54.5	43.6	43.7	\N	\N	80	f	f	f	0	\N
410	25	3	3	\N	\N	\N	\N	\N	\N	f	f	f	0	\N
411	25	4	4	\N	\N	\N	\N	\N	\N	f	f	f	0	\N
412	25	5	5	\N	\N	\N	\N	\N	\N	f	f	f	0	\N
413	25	6	6	\N	\N	\N	\N	\N	\N	f	f	f	0	\N
414	25	9	9	\N	\N	\N	\N	\N	\N	f	f	f	0	\N
415	26	1	1	62.8	50.24	50.2	\N	8	80	t	t	t	1205	\N
416	26	7	7	70	56	\N	44	30	63	t	t	t	3960	\N
417	26	8	8	60	48	\N	30	30	50	t	t	t	2700	\N
418	26	12	12	28.4	22.72	\N	12.5	25	44	t	t	t	938	\N
419	26	13	13	26.1	20.88	21.2	\N	8	81	t	t	t	509	\N
420	26	16	\N	11.3	9.04	10	\N	8	88	t	t	t	240	\N
421	26	17	\N	20	16	16	\N	8	80	t	t	t	384	\N
422	26	15	\N	15	12	12	\N	8	80	f	f	f	0	\N
423	26	19	\N	4	3.2	\N	2	20	50	t	t	t	120	\N
424	26	10	10	49	39.2	39	14.7	\N	80	f	f	f	0	\N
425	26	11	11	65	52	53	18.6	\N	82	f	f	f	0	\N
426	26	20	\N	60	48	20	\N	\N	33	f	f	f	0	\N
427	26	18	\N	62.5	50	55	\N	\N	88	f	f	f	0	\N
428	26	14	\N	75	60	65	\N	\N	87	f	f	f	0	\N
429	26	2	2	54.5	43.6	43.7	\N	\N	80	f	f	f	0	\N
430	26	3	3	\N	\N	\N	\N	\N	\N	f	f	f	0	\N
431	26	4	4	\N	\N	\N	\N	\N	\N	f	f	f	0	\N
432	26	5	5	\N	\N	\N	\N	\N	\N	f	f	f	0	\N
433	26	6	6	\N	\N	\N	\N	\N	\N	f	f	f	0	\N
434	26	9	9	\N	\N	\N	\N	\N	\N	f	f	f	0	\N
435	27	1	1	62.8	50.24	50.2	\N	8	80	f	f	f	0	\N
436	27	7	7	70	56	\N	44	30	63	f	f	f	0	\N
437	27	8	8	60	48	\N	30	30	50	f	f	f	0	\N
438	27	12	12	28.4	22.72	\N	12.5	25	44	t	t	t	938	\N
439	27	13	13	26.1	20.88	21.2	\N	8	81	f	f	f	0	\N
440	27	16	\N	11.3	9.04	10	\N	8	88	t	f	f	80	\N
441	27	17	\N	20	16	16	\N	8	80	t	f	f	128	\N
442	27	15	\N	15	12	12	\N	8	80	f	f	f	0	\N
443	27	19	\N	4	3.2	\N	2	20	50	t	t	f	80	\N
444	27	10	10	49	39.2	39	14.7	\N	80	f	f	f	0	\N
445	27	11	11	65	52	53	18.6	\N	82	f	f	f	0	\N
446	27	20	\N	60	48	20	\N	\N	33	f	f	f	0	\N
447	27	18	\N	62.5	50	55	\N	\N	88	f	f	f	0	\N
448	27	14	\N	75	60	65	\N	\N	87	f	f	f	0	\N
449	27	2	2	54.5	43.6	43.7	\N	\N	80	f	f	f	0	\N
450	27	3	3	\N	\N	\N	\N	\N	\N	f	f	f	0	\N
451	27	4	4	\N	\N	\N	\N	\N	\N	f	f	f	0	\N
452	27	5	5	\N	\N	\N	\N	\N	\N	f	f	f	0	\N
453	27	6	6	\N	\N	\N	\N	\N	\N	f	f	f	0	\N
454	27	9	9	\N	\N	\N	\N	\N	\N	f	f	f	0	\N
455	28	1	1	62.8	50.24	50.2	\N	8	80	f	f	f	0	\N
553	32	6	6	\N	\N	\N	\N	\N	\N	f	f	f	0	\N
456	28	7	7	70	56	\N	44	30	63	t	t	t	3960	\N
457	28	8	8	60	48	\N	30	30	50	t	t	t	2700	\N
458	28	12	12	28.4	22.72	\N	12.5	25	44	t	t	t	938	\N
459	28	13	13	26.1	20.88	21.2	\N	8	81	t	t	t	509	\N
460	28	16	\N	11.3	9.04	10	\N	8	88	f	f	f	0	\N
461	28	19	\N	4	3.2	\N	2	20	50	t	t	f	80	\N
462	28	17	\N	20	16	16	\N	8	80	t	t	t	384	\N
463	28	15	\N	15	12	12	\N	8	80	f	f	f	0	\N
464	28	10	10	49	39.2	39	14.7	\N	80	f	f	f	0	\N
465	28	11	11	65	52	53	18.6	\N	82	f	f	f	0	\N
466	28	20	\N	60	48	20	\N	\N	33	f	f	f	0	\N
467	28	18	\N	62.5	50	55	\N	\N	88	f	f	f	0	\N
468	28	14	\N	75	60	65	\N	\N	87	f	f	f	0	\N
469	28	2	2	54.5	43.6	43.7	\N	\N	80	f	f	f	0	\N
470	28	3	3	\N	\N	\N	\N	\N	\N	f	f	f	0	\N
471	28	4	4	\N	\N	\N	\N	\N	\N	f	f	f	0	\N
472	28	5	5	\N	\N	\N	\N	\N	\N	f	f	f	0	\N
473	28	6	6	\N	\N	\N	\N	\N	\N	f	f	f	0	\N
474	28	9	9	\N	\N	\N	\N	\N	\N	f	f	f	0	\N
475	29	1	1	62.8	50.24	50.9	\N	8	81	t	t	t	1222	広背筋
476	29	7	7	70	56	\N	45.6	30	65	t	t	t	4104	大腿四頭筋
477	29	8	8	60	48	\N	34	30	57	t	t	t	3060	大腿二頭筋,大臀筋
478	29	12	12	28.7	22.96	\N	12.5	25	44	t	t	f	625	上腕三頭筋
479	29	13	13	26.1	20.88	21.2	\N	8	81	t	t	f	339	上腕二頭筋
480	29	16	\N	11.3	9.04	10	\N	10	88	t	t	t	240	上腕二頭筋
481	29	19	\N	4	3.2	\N	3	20	75	t	t	f	120	三角筋中部
482	29	17	\N	20	16	16	\N	8	80	t	t	t	384	大胸筋
483	29	15	\N	15	12	12	\N	8	80	f	f	f	0	中殿筋,大腿四頭筋
484	29	20	\N	60	48	\N	10	12	17	t	f	f	120	有酸素
485	29	18	\N	62.5	50	55	\N	\N	88	f	f	f	0	大胸筋,上腕三頭筋,広背筋
486	29	10	10	49	39.2	39	14.7	\N	80	f	f	f	0	\N
487	29	11	11	65	52	53	18.6	\N	82	f	f	f	0	\N
488	29	14	\N	75	60	65	\N	\N	87	f	f	f	0	\N
489	29	2	2	54.5	43.6	43.7	\N	\N	80	f	f	f	0	\N
490	29	3	3	\N	\N	\N	\N	\N	\N	f	f	f	0	\N
491	29	4	4	\N	\N	\N	\N	\N	\N	f	f	f	0	\N
492	29	5	5	\N	\N	\N	\N	\N	\N	f	f	f	0	\N
493	29	6	6	\N	\N	\N	\N	\N	\N	f	f	f	0	\N
494	29	9	9	\N	\N	\N	\N	\N	\N	f	f	f	0	\N
495	30	1	1	62.8	50.24	50.9	\N	8	81	f	f	f	0	広背筋
496	30	7	7	70	56	\N	45.6	30	65	f	f	f	0	大腿四頭筋
497	30	8	8	60	48	\N	34	30	57	f	f	f	0	大腿二頭筋,大臀筋
498	30	12	12	28.7	22.96	\N	12.5	25	44	f	f	f	0	上腕三頭筋
499	30	13	13	26.1	20.88	21.2	\N	8	81	f	f	f	0	上腕二頭筋
500	30	16	\N	11.3	9.04	10	\N	10	88	t	t	t	240	上腕二頭筋
501	30	17	\N	20	16	16	\N	8	80	t	t	t	384	大胸筋
502	30	15	\N	15	12	12	\N	8	80	t	t	f	192	中殿筋,大腿四頭筋
503	30	18	\N	62.5	50	60	\N	3	96	t	t	t	576	大胸筋,上腕三頭筋,広背筋
504	30	19	\N	4	3.2	\N	3	20	75	f	f	f	0	三角筋中部
505	30	20	\N	60	48	\N	10	12	17	f	f	f	0	有酸素
506	30	10	10	49	39.2	39	14.7	\N	80	f	f	f	0	\N
507	30	11	11	65	52	53	18.6	\N	82	f	f	f	0	\N
508	30	14	\N	75	60	65	\N	\N	87	f	f	f	0	\N
509	30	2	2	54.5	43.6	43.7	\N	\N	80	f	f	f	0	\N
510	30	3	3	\N	\N	\N	\N	\N	\N	f	f	f	0	\N
511	30	4	4	\N	\N	\N	\N	\N	\N	f	f	f	0	\N
512	30	5	5	\N	\N	\N	\N	\N	\N	f	f	f	0	\N
513	30	6	6	\N	\N	\N	\N	\N	\N	f	f	f	0	\N
514	30	9	9	\N	\N	\N	\N	\N	\N	f	f	f	0	\N
515	31	1	1	62.8	50.24	50.9	\N	8	81	t	t	f	814	広背筋
516	31	7	7	71	56.8	\N	48	40	68	t	t	t	5760	大腿四頭筋
517	31	8	8	61.5	49.2	\N	26	30	42	t	t	t	2340	大腿二頭筋,大臀筋
518	31	12	12	28.7	22.96	\N	11	25	38	t	t	f	550	上腕三頭筋
519	31	13	13	26.1	20.88	21.2	\N	8	81	t	t	f	339	上腕二頭筋
520	31	16	\N	11.3	9.04	10	\N	10	88	t	t	t	240	上腕二頭筋
521	31	17	\N	20	16	16	\N	8	80	t	t	t	384	大胸筋
522	31	15	\N	15	12	12	\N	8	80	f	f	f	0	中殿筋,大腿四頭筋
523	31	18	\N	62.5	50	60	\N	3	96	f	f	f	0	大胸筋,上腕三頭筋,広背筋
524	31	19	\N	4	3.2	\N	3	20	75	f	f	f	0	三角筋中部
525	31	20	\N	60	48	\N	10	12	17	f	f	f	0	有酸素
526	31	10	10	49	39.2	39	14.7	\N	80	f	f	f	0	\N
527	31	11	11	65	52	53	18.6	\N	82	f	f	f	0	\N
528	31	14	\N	75	60	65	\N	\N	87	f	f	f	0	\N
529	31	2	2	54.5	43.6	43.7	\N	\N	80	f	f	f	0	\N
530	31	3	3	\N	\N	\N	\N	\N	\N	f	f	f	0	\N
531	31	4	4	\N	\N	\N	\N	\N	\N	f	f	f	0	\N
532	31	5	5	\N	\N	\N	\N	\N	\N	f	f	f	0	\N
533	31	6	6	\N	\N	\N	\N	\N	\N	f	f	f	0	\N
534	31	9	9	\N	\N	\N	\N	\N	\N	f	f	f	0	\N
535	32	1	1	62.8	50.24	50.9	\N	8	81	f	f	f	0	広背筋
536	32	7	7	71	56.8	\N	48	40	68	t	t	t	5760	大腿四頭筋
537	32	8	8	62.5	50	\N	26.8	40	43	t	t	t	3216	大腿二頭筋,大臀筋
538	32	12	12	28.7	22.96	\N	11	25	38	t	t	t	825	上腕三頭筋
539	32	13	13	26.1	20.88	21.2	\N	8	81	t	f	f	170	上腕二頭筋
540	32	16	\N	11.3	9.04	10	\N	10	88	t	t	t	240	上腕二頭筋
541	32	17	\N	20	16	16	\N	8	80	t	t	t	384	大胸筋
542	32	15	\N	15	12	12	\N	8	80	t	f	f	96	中殿筋,大腿四頭筋
543	32	18	\N	62.5	50	60	\N	3	96	f	f	f	0	大胸筋,上腕三頭筋,広背筋
544	32	19	\N	4	3.2	\N	3	20	75	t	f	f	60	三角筋中部
545	32	20	\N	60	48	\N	10	12	17	f	f	f	0	有酸素
546	32	10	10	49	39.2	39	14.7	\N	80	f	f	f	0	\N
547	32	11	11	65	52	53	18.6	\N	82	f	f	f	0	\N
548	32	14	\N	75	60	65	\N	\N	87	f	f	f	0	\N
549	32	2	2	54.5	43.6	43.7	\N	\N	80	f	f	f	0	\N
550	32	3	3	\N	\N	\N	\N	\N	\N	f	f	f	0	\N
551	32	4	4	\N	\N	\N	\N	\N	\N	f	f	f	0	\N
552	32	5	5	\N	\N	\N	\N	\N	\N	f	f	f	0	\N
554	32	9	9	\N	\N	\N	\N	\N	\N	f	f	f	0	\N
555	33	1	1	62.8	50.24	50.9	\N	9	81	t	t	f	814	広背筋
556	33	21	3	148	118.4	\N	53.6	30	36	t	t	t	4824	大腿二頭筋,大臀筋
557	33	7	7	120	96	\N	68	30	57	t	t	t	6120	大腿四頭筋
558	33	8	8	62.5	50	\N	27.6	40	44	t	t	f	2208	大腿二頭筋,大臀筋
559	33	12	12	28.7	22.96	\N	11	30	38	t	f	f	330	上腕三頭筋
560	33	13	13	26.1	20.88	21.2	\N	8	81	t	f	f	170	上腕二頭筋
561	33	16	\N	11.3	9.04	10	\N	10	88	t	t	t	240	上腕二頭筋
562	33	17	\N	20	16	16	\N	10	80	t	t	t	384	大胸筋
563	33	15	\N	15	12	12	\N	8	80	t	f	f	96	中殿筋,大腿四頭筋
564	33	18	\N	62.5	50	60	\N	3	96	f	f	f	0	大胸筋,上腕三頭筋,広背筋
565	33	19	\N	4	3.2	\N	3	25	75	t	t	t	225	三角筋中部
566	33	20	\N	60	48	\N	10	12	17	f	f	f	0	有酸素
567	33	10	10	49	39.2	39	14.7	\N	80	f	f	f	0	\N
568	33	11	11	65	52	53	18.6	\N	82	f	f	f	0	\N
569	33	14	\N	75	60	65	\N	\N	87	f	f	f	0	\N
570	33	2	2	54.5	43.6	43.7	\N	\N	80	f	f	f	0	\N
571	33	3	3	\N	\N	\N	\N	\N	\N	f	f	f	0	\N
572	33	4	4	\N	\N	\N	\N	\N	\N	f	f	f	0	\N
573	33	5	5	\N	\N	\N	\N	\N	\N	f	f	f	0	\N
574	33	6	6	\N	\N	\N	\N	\N	\N	f	f	f	0	\N
575	33	9	9	\N	\N	\N	\N	\N	\N	f	f	f	0	\N
577	34	17	\N	20	16	16	\N	10	80	t	t	t	384	大胸筋
578	34	15	\N	15	12	12	\N	8	80	t	t	f	192	中殿筋,大腿四頭筋
579	34	19	\N	4	3.2	\N	3	25	75	t	t	f	150	三角筋中部
580	34	1	1	62.8	50.24	50.9	\N	9	81	t	t	f	814	広背筋
581	34	7	7	120	96	\N	68	30	57	t	t	t	6120	大腿四頭筋
582	34	12	12	28.7	22.96	\N	11	30	38	t	t	t	990	上腕三頭筋
583	34	8	8	62.5	50	\N	30	23	48	t	t	t	2070	大腿二頭筋,大臀筋
584	34	13	13	26.1	20.88	21.2	\N	8	81	t	f	f	170	上腕二頭筋
585	34	21	3	148	118.4	\N	53.6	30	36	t	t	t	4824	大腿二頭筋,大臀筋
586	34	18	\N	62.5	50	60	\N	3	96	f	f	f	0	大胸筋,上腕三頭筋,広背筋
587	34	20	\N	60	48	\N	10	12	17	f	f	f	0	有酸素
588	34	10	10	49	39.2	39	14.7	\N	80	f	f	f	0	\N
589	34	11	11	65	52	53	18.6	\N	82	f	f	f	0	\N
590	34	14	\N	75	60	65	\N	\N	87	f	f	f	0	\N
591	34	2	2	54.5	43.6	43.7	\N	\N	80	f	f	f	0	\N
592	34	3	3	\N	\N	\N	\N	\N	\N	f	f	f	0	\N
593	34	4	4	\N	\N	\N	\N	\N	\N	f	f	f	0	\N
594	34	5	5	\N	\N	\N	\N	\N	\N	f	f	f	0	\N
595	34	6	6	\N	\N	\N	\N	\N	\N	f	f	f	0	\N
596	34	9	9	\N	\N	\N	\N	\N	\N	f	f	f	0	\N
576	34	16	\N	11.3	9.04	10	\N	10	88	f	t	t	200	上腕二頭筋
\.


ALTER TABLE public.session_exercises ENABLE TRIGGER ALL;

--
-- Name: exercises_id_seq; Type: SEQUENCE SET; Schema: public; Owner: -
--

SELECT pg_catalog.setval('public.exercises_id_seq', 21, true);


--
-- Name: session_exercises_id_seq; Type: SEQUENCE SET; Schema: public; Owner: -
--

SELECT pg_catalog.setval('public.session_exercises_id_seq', 617, true);


--
-- Name: workout_sessions_id_seq; Type: SEQUENCE SET; Schema: public; Owner: -
--

SELECT pg_catalog.setval('public.workout_sessions_id_seq', 38, true);


--
-- PostgreSQL database dump complete
--

\unrestrict E0eAOx3uegbfEHeJAeSXbMQiaUi9GENYoQ6uaCn2lGGqpxnYkSbDWUWclmVcq7M

